{"cameraMode":{"drawMode":0,"name":"Shaded","section":"Shading Mode"},"sceneLighting":false,"audioPlay":false,"sceneViewState":{"showFog":true,"showMaterialUpdate":false,"showSkybox":true,"showFlares":true,"showImageEffects":true,"showParticleSystems":true},"in2DMode":false,"pivot":{"x":228.7103729248047,"y":191.70997619628907,"z":319.493408203125},"rotation":{"x":0.04198434576392174,"y":-0.012590470723807812,"z":0.0005291241104714572,"w":0.9990388751029968},"size":731.390869140625,"orthographic":false}